,nvmea,mana<3,otabe<3,wlerin,Peachie,the_observer,skyrin,Bleat,vengenzr,okiks,Fillet,Jun,lovetrip,öö,BOMA,Hendro Arieyanto,Marlene,Popuri,Lionel,xabizalla,Lusankya,Denden,JPN,kha!,Donjonnie,SunnyHighland,Iuna moon,Yunsua,Jonちゃん,Moomin,guga,PT,manattan,mae,Jade0905,Bonta16,tszchinggg,AlexP,Ｔｏｋｙｏ-´ＢＯＹ。,Mettehpfan
10,    Masai Mayū, Kohama Kokone, Yamazaki Sora,    Yamazaki Sora,    Yamazaki Sora, Hashimoto Eriko, Ōta Yuki, Kohama Kokone, Ōta Yuki, Hashimoto Eriko, Yamazaki Sora, Mizushima Miyū, Hirata Yuki, Hotei Moka,Masai Mayū, Hirata Yuki, Hotei Moka, Yamazaki Sora, Kohama Kokone, Mizushima Miyū,    Masai Mayū, Hashimoto Eriko, Hashimoto Eriko, Kohama Kokone, Hotei Moka, Yamazaki Sora, Hirata Yuki, Masai Mayū,    Mizushima Miyū, Satō Airi,Satō Airi,Ōta Yuki,Kohama Kokone,Hashimoto Eriko,Hashimoto Eriko,Masai Mayū,Kohama Kokone,Satō Airi,Hirata Yuki,Hashimoto Eriko
9,    Mizushima Miyū, Hotei Moka, Kohama Kokone,    Kohama Kokone,    Masai Mayū, Masai Mayū, Hirata Yuki, Mizushima Miyū, Masai Mayū, Kohama Kokone, Hirata Yuki, Masai Mayū, Kohama Kokone, Satō Airi,Mizushima Miyū, Masai Mayū, Yamazaki Sora, Masai Mayū, Satō Airi, Hirata Yuki,    Yamazaki Sora, Satō Airi, Satō Airi, Yamazaki Sora, Hashimoto Eriko, Ōta Yuki, Hashimoto Eriko, Hashimoto Eriko,    Satō Airi, Hashimoto Eriko,Hirata Yuki,Kohama Kokone,Satō Airi,Masai Mayū,Hirata Yuki,Kohama Kokone,Masai Mayū,Hirata Yuki,Yamazaki Sora,Kohama Kokone
8,    Ōta Yuki, Yamazaki Sora, Mizushima Miyū,    Satō Airi,    Satō Airi, Yamazaki Sora, Hashimoto Eriko, Hotei Moka, Yamazaki Sora, Yamazaki Sora, Kohama Kokone, Hatakeyama Nozomi, Satō Airi, Hashimoto Eriko,Hashimoto Eriko, Satō Airi, Hashimoto Eriko, Hotei Moka, Mizushima Miyū, Hatakeyama Nozomi,    Kohama Kokone, Kohama Kokone, Hirata Yuki, Hotei Moka, Masai Mayū, Hirata Yuki, Mizushima Miyū, Mizushima Miyū,    Hashimoto Eriko, Mizushima Miyū,Kohama Kokone,Hashimoto Eriko,Hirata Yuki,Hirata Yuki,Ōta Yuki,Mizushima Miyū,Hotei Moka,Yamazaki Sora,Hashimoto Eriko,Mizushima Miyū
7,    Hirata Yuki, Mizushima Miyū, Satō Airi,    Hashimoto Eriko,    Hashimoto Eriko, Ōta Yuki, Masai Mayū, Hatakeyama Nozomi, Hashimoto Eriko, Hirata Yuki, Satō Airi, Kohama Kokone, Hotei Moka, Kohama Kokone,Yamazaki Sora, Ōta Yuki, Ōta Yuki, Ōta Yuki, Yamazaki Sora, Kohama Kokone,    Hotei Moka, Yamazaki Sora, Kohama Kokone, Hatakeyama Nozomi, Yamazaki Sora, Satō Airi, Hotei Moka, Hirata Yuki,    Kohama Kokone, Kohama Kokone,Yamazaki Sora,Hatakeyama Nozomi,Hotei Moka,Yamazaki Sora,Masai Mayū,Hashimoto Eriko,Hashimoto Eriko,Hashimoto Eriko,Kohama Kokone,Satō Airi
6,    Yamazaki Sora, Masai Mayū, Ōta Yuki,    Ōta Yuki,    Hotei Moka, Mizushima Miyū, Kohama Kokone, Hashimoto Eriko, Kohama Kokone, Hotei Moka, Hashimoto Eriko, Hotei Moka, Ōta Yuki, Ōta Yuki,Hirata Yuki, Mizushima Miyū, Hirata Yuki, Satō Airi, Ōta Yuki, Satō Airi,    Ōta Yuki, Hirata Yuki, Hotei Moka, Hirata Yuki, Kohama Kokone, Hashimoto Eriko, Kohama Kokone, Ōta Yuki,    Ōta Yuki, Masai Mayū ,Hotei Moka,Masai Mayū,Hashimoto Eriko,Satō Airi,Kohama Kokone,Hirata Yuki,Ōta Yuki,Mizushima Miyū,Hatakeyama Nozomi,Yamazaki Sora
5,    Hashimoto Eriko, Hashimoto Eriko, Hirata Yuki,    Mizushima Miyū,    Ōta Yuki, Satō Airi, Satō Airi, Masai Mayū, Satō Airi, Mizushima Miyū, Ōta Yuki, Hashimoto Eriko, Yamazaki Sora, Hirata Yuki, Kohama Kokone, Hashimoto Eriko , Hatakeyama Nozomi, Hatakeyama Nozomi, Hashimoto Eriko, Hotei Moka,    Hashimoto Eriko, Mizushima Miyū, Mizushima Miyū, Masai Mayū, Mizushima Miyū, Masai Mayū, Yamazaki Sora, Kohama Kokone,    Hatakeyama Nozomi, Ōta Yuki ,Mizushima Miyū,Mizushima Miyū,Yamazaki Sora,Ōta Yuki,Yamazaki Sora,Yamazaki Sora,Hatakeyama Nozomi,Hatakeyama Nozomi,Satō Airi,Masai Mayū
4,    Hatakeyama Nozomi, Hirata Yuki, Hotei Moka,    Hirata Yuki,    Mizushima Miyū, Hatakeyama Nozomi, Mizushima Miyū, Ōta Yuki, Hatakeyama Nozomi, Ōta Yuki, Hatakeyama Nozomi, Yamazaki Sora, Mizushima Miyū, Yamazaki Sora, Satō Airi, Kohama Kokone , Kohama Kokone, Mizushima Miyū, Hatakeyama Nozomi, Masai Mayū,    Satō Airi, Masai Mayū, Masai Mayū, Satō Airi, Hatakeyama Nozomi, Hotei Moka, Satō Airi, Yamazaki Sora,    Hirata Yuki, Yamazaki Sora ,Hashimoto Eriko,Satō Airi,Mizushima Miyū,Kohama Kokone,Satō Airi,Hatakeyama Nozomi,Mizushima Miyū,Ōta Yuki,Mizushima Miyū,Hotei Moka
3,    Hotei Moka, Ōta Yuki, Masai Mayū,    Hatakeyama Nozomi,    Hirata Yuki, Kohama Kokone, Yamazaki Sora, Yamazaki Sora, Hirata Yuki, Masai Mayū, Mizushima Miyū, Ōta Yuki, Masai Mayū, Masai Mayū, Ōta Yuki, Yamazaki Sora , Satō Airi, Hashimoto Eriko, Hirata Yuki, Hashimoto Eriko,    Hirata Yuki, Ōta Yuki, Hatakeyama Nozomi, Hashimoto Eriko, Hirata Yuki, Mizushima Miyū, Ōta Yuki, Satō Airi,    Hotei Moka, Hatakeyama Nozomi ,Masai Mayū,Hotei Moka,Masai Mayū,Hotei Moka,Hotei Moka,Hotei Moka,Satō Airi,Masai Mayū,Hotei Moka,Hirata Yuki
2,    Satō Airi, Hatakeyama Nozomi, Hashimoto Eriko,    Hotei Moka,    Hatakeyama Nozomi, Hotei Moka, Hotei Moka, Hirata Yuki, Mizushima Miyū, Satō Airi, Hotei Moka,Hirata Yuki, Hashimoto Eriko, Hatakeyama Nozomi, Hotei Moka, Hatakeyama Nozomi , Mizushima Miyū, Hirata Yuki, Masai Mayū, Yamazaki Sora,    Mizushima Miyū, Hatakeyama Nozomi, Yamazaki Sora, Mizushima Miyū, Ōta Yuki, Kohama Kokone, Hatakeyama Nozomi, Hatakeyama Nozomi,    Masai Mayū, Hirata Yuki ,Hatakeyama Nozomi,Yamazaki Sora,Ōta Yuki,Mizushima Miyū,Mizushima Miyū,Ōta Yuki,Hirata Yuki,Kohama Kokone,Masai Mayū,Hatakeyama Nozomi
1,    Kohama Kokone, Satō Airi, Hatakeyama Nozomi,    Masai Mayū,    Kohama Kokone, Hirata Yuki, Hatakeyama Nozomi, Satō Airi, Hotei Moka, Hatakeyama Nozomi, Masai Mayū, Satō Airi, Hatakeyama Nozomi, Mizushima Miyū, Hatakeyama Nozomi , Hotei Moka , Masai Mayū, Kohama Kokone, Hotei Moka, Ōta Yuki,    Hatakeyama Nozomi, Hotei Moka, Ōta Yuki, Ōta Yuki, Satō Airi, Hatakeyama Nozomi, Masai Mayū, Hotei Moka,    Yamazaki Sora, Hotei Moka ,Ōta Yuki,Hirata Yuki,Hatakeyama Nozomi,Hatakeyama Nozomi,Hatakeyama Nozomi,Satō Airi,Yamazaki Sora,Hotei Moka,Ōta Yuki,Ōta Yuki